Group,Group.1,ANS,INA,IOB,MT,NAW,NBC,NO,PBD,PZT,ZS,,
AmericanBlack,AmericanBlack,2,2,3,2,2,3,0,1,1,2,,
AmericanBlack,AmericanBlack,1,1,1,1,2,0,0,0,2,2,,
AmericanBlack,AmericanBlack,2,3,2,3,3,1,0,0,2,2,,
AmericanBlack,AmericanBlack,1,1,3,1,3,0,0,0,3,1,,
AmericanBlack,AmericanBlack,2,1,3,3,3,0,1,1,2,2,,
AmericanBlack,AmericanBlack,1,1,3,2,2,0,0,0,1,2,,
AmericanBlack,AmericanBlack,1,1,2,2,2,2,0,0,2,2,,
AmericanBlack,AmericanBlack,1,1,3,1,3,3,1,0,3,2,,
AmericanBlack,AmericanBlack,3,1,3,3,3,0,0,0,,1,,
AmericanBlack,AmericanBlack,1,1,2,2,3,0,1,1,2,2,,
AmericanBlack,AmericanBlack,2,1,3,1,2,2,0,0,,1,,
AmericanBlack,AmericanBlack,1,1,3,1,3,1,1,1,1,,,
AmericanBlack,AmericanBlack,1,1,3,3,2,0,1,1,3,2,,
AmericanBlack,AmericanBlack,1,1,3,2,2,2,1,1,2,,,
AmericanBlack,AmericanBlack,1,1,2,1,3,0,0,1,,0,,
AmericanBlack,AmericanBlack,1,1,2,3,2,2,0,0,,2,,
AmericanBlack,AmericanBlack,1,2,2,3,2,1,1,0,1,2,,
AmericanBlack,AmericanBlack,3,2,2,2,2,1,0,0,2,2,,
AmericanBlack,AmericanBlack,1,1,3,3,3,0,1,0,2,1,,
AmericanBlack,AmericanBlack,1,1,3,2,2,0,0,1,1,2,,
AmericanBlack,AmericanBlack,1,1,2,3,2,3,0,0,1,1,,
AmericanBlack,AmericanBlack,1,1,2,1,3,1,1,1,3,1,,
AmericanBlack,AmericanBlack,1,1,2,2,2,2,0,1,1,1,,
AmericanBlack,AmericanBlack,1,3,3,2,3,0,0,0,2,1,,
AmericanBlack,AmericanBlack,1,1,3,1,2,0,0,1,2,2,,
AmericanBlack,AmericanBlack,1,1,3,2,3,1,0,0,3,1,,
AmericanBlack,AmericanBlack,2,2,1,1,2,1,0,0,3,2,,
AmericanBlack,AmericanBlack,2,3,2,2,2,4,1,1,3,2,,
AmericanBlack,AmericanBlack,1,1,3,1,3,2,1,0,3,2,,
AmericanBlack,AmericanBlack,3,3,3,3,2,1,0,1,2,1,,
AmericanBlack,AmericanBlack,2,2,2,1,2,1,1,1,1,2,,
AmericanBlack,AmericanBlack,2,1,1,2,2,3,1,0,1,2,,
AmericanBlack,AmericanBlack,1,1,3,1,2,1,,0,1,,,
AmericanBlack,AmericanBlack,1,2,2,3,1,1,0,1,3,2,,
AmericanBlack,AmericanBlack,1,2,3,1,3,2,,1,1,2,,
AmericanBlack,AmericanBlack,2,4,2,1,2,0,0,1,2,1,,
AmericanBlack,AmericanBlack,1,1,3,1,3,0,0,,,2,,
AmericanBlack,AmericanBlack,1,1,2,2,2,2,0,0,2,2,,
AmericanBlack,AmericanBlack,1,1,3,1,3,0,0,1,1,2,,
AmericanBlack,AmericanBlack,3,2,3,1,3,0,0,0,3,0,,
AmericanBlack,AmericanBlack,2,1,2,1,2,2,1,1,3,2,,
AmericanBlack,AmericanBlack,1,3,3,1,3,0,0,0,,,,
AmericanBlack,AmericanBlack,1,1,2,3,3,3,1,1,,,,
AmericanBlack,AmericanBlack,1,1,1,3,2,2,0,0,2,1,,
AmericanBlack,AmericanBlack,1,1,3,2,3,0,0,0,1,1,,
AmericanBlack,AmericanBlack,1,1,3,2,3,0,0,0,1,1,,
AmericanBlack,AmericanBlack,1,1,2,3,2,1,0,0,3,,,
AmericanBlack,AmericanBlack,3,2,3,2,3,0,0,,2,,,
AmericanBlack,AmericanBlack,1,2,2,2,1,4,1,0,,2,,
AmericanBlack,AmericanBlack,1,3,2,1,3,0,1,0,1,0,,
AmericanBlack,AmericanBlack,1,1,2,1,3,0,0,1,3,2,,
AmericanBlack,AmericanBlack,1,1,2,1,3,1,1,1,1,2,,
AmericanBlack,AmericanBlack,1,1,2,1,2,3,0,0,,2,,
AmericanBlack,AmericanBlack,1,1,3,3,3,0,0,1,1,2,,
AmericanBlack,AmericanBlack,1,1,3,2,3,0,0,0,,,,
AmericanBlack,AmericanBlack,1,1,3,2,3,0,0,0,2,1,,
AmericanBlack,AmericanBlack,1,1,3,3,2,0,0,0,,2,,
AmericanBlack,AmericanBlack,1,1,3,2,3,0,0,1,3,2,,
AmericanBlack,AmericanBlack,1,3,2,1,3,0,0,0,1,2,,
AmericanBlack,AmericanBlack,1,1,3,3,3,0,0,,,0,,
AmericanBlack,AmericanBlack,3,1,3,1,3,2,1,1,2,,,
AmericanBlack,AmericanBlack,2,4,2,1,2,1,0,0,1,0,,
AmericanBlack,AmericanBlack,1,2,2,2,2,1,0,0,2,1,,
AmericanBlack,AmericanBlack,1,1,3,3,3,0,0,,,0,,
AmericanBlack,AmericanBlack,1,1,2,1,3,3,1,1,2,2,,
AmericanBlack,AmericanBlack,1,2,2,3,2,1,0,1,2,2,,
AmericanBlack,AmericanBlack,3,2,1,3,1,3,1,0,1,2,,
AmericanBlack,AmericanBlack,1,1,1,1,2,0,1,0,2,2,,
AmericanBlack,AmericanBlack,2,2,3,1,3,0,0,0,3,2,,
AmericanBlack,AmericanBlack,1,1,3,1,2,0,0,1,1,1,,
AmericanBlack,AmericanBlack,3,2,3,2,3,,,,2,1,,
AmericanBlack,AmericanBlack,1,2,3,1,2,4,0,1,1,2,,
AmericanBlack,AmericanBlack,1,1,2,1,3,1,0,0,1,2,,
AmericanBlack,AmericanBlack,1,1,2,2,2,2,0,1,2,2,,
AmericanBlack,AmericanBlack,1,1,1,2,2,0,0,1,1,,,
AmericanBlack,AmericanBlack,1,2,3,2,3,0,1,0,1,1,,
AmericanBlack,AmericanBlack,1,1,3,2,3,0,0,0,,1,,
AmericanBlack,AmericanBlack,1,1,3,2,3,0,0,0,1,,,
AmericanBlack,AmericanBlack,1,1,2,1,2,0,0,0,1,1,,
AmericanBlack,AmericanBlack,3,3,2,1,1,3,0,0,1,1,,
AmericanBlack,AmericanBlack,1,1,2,2,3,0,,0,,1,,
AmericanBlack,AmericanBlack,3,3,3,3,3,0,,0,2,2,,
AmericanBlack,AmericanBlack,2,2,2,3,3,0,0,0,1,2,,
AmericanBlack,AmericanBlack,2,3,3,1,2,0,1,1,2,1,,
AmericanBlack,AmericanBlack,1,1,3,1,3,0,0,1,1,1,,
AmericanBlack,AmericanBlack,2,2,1,1,2,3,0,,2,1,,
AmericanBlack,AmericanBlack,1,2,2,1,2,0,1,0,1,2,,
AmericanBlack,AmericanBlack,2,1,1,3,2,2,1,1,2,,,
AmericanBlack,AmericanBlack,1,1,1,1,2,4,0,1,2,1,,
AmericanBlack,AmericanBlack,1,1,3,1,3,0,1,0,2,2,,
AmericanBlack,AmericanBlack,1,1,3,1,3,0,1,0,1,1,,
AmericanBlack,AmericanBlack,1,1,3,1,3,0,0,1,3,,,
AmericanBlack,AmericanBlack,1,1,1,1,3,1,0,1,1,1,,
AmericanBlack,AmericanBlack,1,1,3,1,3,1,0,0,1,1,,
AmericanBlack,AmericanBlack,1,1,3,2,3,0,1,1,2,2,,
AmericanBlack,AmericanBlack,1,1,3,3,3,0,1,0,2,1,,
AmericanBlack,AmericanBlack,1,4,3,1,3,0,0,,2,1,,
AmericanBlack,AmericanBlack,1,1,2,1,3,0,0,0,1,1,,
AmericanBlack,AmericanBlack,1,1,3,1,3,3,0,0,1,2,,
AmericanBlack,AmericanBlack,2,1,1,2,2,3,1,0,3,1,,
AmericanBlack,AmericanBlack,1,1,2,1,2,0,0,0,3,2,,
AmericanBlack,AmericanBlack,2,3,1,1,1,4,,0,1,,,
AmericanBlack,AmericanBlack,1,1,3,1,2,0,0,1,1,,,
AmericanBlack,AmericanBlack,1,1,3,3,3,0,0,0,3,0,,
AmericanBlack,AmericanBlack,1,1,2,1,3,0,0,1,1,2,,
AmericanBlack,AmericanBlack,2,1,2,2,3,3,1,1,2,2,,
AmericanBlack,AmericanBlack,1,2,1,1,2,1,1,0,2,1,,
AmericanBlack,AmericanBlack,1,1,2,1,3,0,0,0,1,2,,
AmericanBlack,AmericanBlack,2,3,2,2,1,4,0,0,1,1,,
AmericanBlack,AmericanBlack,1,2,3,1,3,0,1,0,1,1,,
AmericanBlack,AmericanBlack,1,1,2,3,3,0,0,1,3,1,,
AmericanBlack,AmericanBlack,2,3,2,3,1,4,,0,3,2,,
AmericanBlack,AmericanBlack,1,1,3,3,3,1,0,0,2,0,,
AmericanBlack,AmericanBlack,1,1,3,1,3,0,0,0,3,2,,
AmericanBlack,AmericanBlack,1,1,3,3,2,0,0,1,,2,,
AmericanBlack,AmericanBlack,1,4,3,3,3,0,0,1,2,,,
AmericanBlack,AmericanBlack,1,1,3,3,3,0,1,1,1,1,,
AmericanBlack,AmericanBlack,2,2,3,3,2,2,0,,2,1,,
AmericanBlack,AmericanBlack,3,1,2,3,2,0,,0,1,2,,
AmericanBlack,AmericanBlack,1,2,3,1,3,0,0,0,2,2,,
AmericanBlack,AmericanBlack,1,3,3,1,2,0,0,1,2,0,,
AmericanBlack,AmericanBlack,1,1,2,2,3,4,1,,3,,,
AmericanBlack,AmericanBlack,1,1,2,2,2,0,0,0,1,2,,
AmericanBlack,AmericanBlack,1,1,2,1,2,0,1,1,2,1,,
AmericanBlack,AmericanBlack,1,1,2,1,3,1,0,1,2,2,,
AmericanBlack,AmericanBlack,1,1,3,2,3,0,0,0,2,2,,
AmericanBlack,AmericanBlack,1,3,3,1,2,3,1,0,1,2,,
AmericanBlack,AmericanBlack,1,1,3,1,3,0,0,1,,2,,
AmericanBlack,AmericanBlack,1,2,1,1,2,3,1,,2,1,,
AmericanBlack,AmericanBlack,1,3,3,1,3,0,0,0,1,2,,
AmericanBlack,AmericanBlack,1,1,3,1,3,0,0,0,2,2,,
AmericanBlack,AmericanBlack,1,1,2,2,2,0,1,0,2,,,
AmericanBlack,AmericanBlack,1,1,2,3,2,2,0,1,3,2,,
AmericanBlack,AmericanBlack,1,1,3,2,3,0,0,1,2,1,,
AmericanBlack,AmericanBlack,1,1,3,1,3,0,0,0,2,2,,
AmericanBlack,AmericanBlack,3,3,1,1,2,1,0,1,1,2,,
AmericanBlack,AmericanBlack,1,1,2,3,3,0,0,,3,2,,
AmericanBlack,AmericanBlack,1,2,1,3,2,2,0,1,3,2,,
AmericanBlack,AmericanBlack,1,4,3,1,3,0,0,1,1,2,,
AmericanBlack,AmericanBlack,1,1,1,1,2,1,0,1,,1,,
AmericanBlack,AmericanBlack,1,1,2,2,3,0,1,,3,1,,
AmericanBlack,AmericanBlack,1,1,2,1,3,0,1,1,1,1,,
AmericanBlack,AmericanBlack,1,1,3,3,3,0,0,0,3,,,
AmericanBlack,AmericanBlack,1,1,3,2,3,0,0,,,2,,
AmericanBlack,AmericanBlack,1,1,3,1,3,3,0,0,1,1,,
AmericanBlack,AmericanBlack,1,1,2,2,3,0,0,,,2,,
AmericanBlack,AmericanBlack,1,4,2,1,2,0,,0,1,,,
AmericanBlack,AmericanBlack,1,1,3,2,3,1,1,,1,2,,
AmericanBlack,AmericanBlack,2,3,2,2,3,2,0,1,2,2,,
AmericanBlack,AmericanBlack,1,1,3,1,3,0,1,0,2,,,
AmericanBlack,AmericanBlack,1,4,1,2,2,1,0,1,2,2,,
AmericanBlack,AmericanBlack,1,2,2,1,2,0,0,1,2,0,,
AmericanBlack,AmericanBlack,2,2,3,1,3,0,0,1,1,0,,
AmericanBlack,AmericanBlack,2,1,2,1,2,1,1,0,2,1,,
AmericanBlack,AmericanBlack,2,3,3,1,2,2,1,0,1,2,,
AmericanBlack,AmericanBlack,3,2,2,3,2,1,1,0,1,1,,
AmericanBlack,AmericanBlack,2,4,3,1,2,3,1,1,2,0,,
AmericanBlack,AmericanBlack,2,4,3,3,2,3,0,1,2,0,,
AmericanBlack,AmericanBlack,2,5,3,1,3,3,0,0,1,,,
AmericanBlack,AmericanBlack,2,2,2,3,2,1,1,1,2,,,
AmericanBlack,AmericanBlack,1,3,2,3,2,1,0,0,1,,,
AmericanBlack,AmericanBlack,2,1,2,2,3,1,0,0,1,1,,
AmericanBlack,AmericanBlack,2,2,3,2,3,1,1,1,3,0,,
AmericanBlack,AmericanBlack,1,4,3,1,3,0,0,0,0,0,,
AmericanBlack,AmericanBlack,3,4,3,2,2,1,1,1,3,0,,
AmericanBlack,AmericanBlack,1,3,3,1,3,0,1,1,1,1,,
AmericanBlack,AmericanBlack,2,3,3,1,2,1,1,1,1,0,,
AmericanBlack,AmericanBlack,1,3,3,2,2,1,0,1,1,1,,
AmericanBlack,AmericanBlack,3,2,2,2,3,1,0,0,3,0,,
AmericanBlack,AmericanBlack,2,3,2,1,2,1,1,1,1,2,,
AmericanBlack,AmericanBlack,3,3,3,2,2,2,1,0,2,1,,
AmericanBlack,AmericanBlack,3,4,2,1,2,1,0,0,2,1,,
AmericanBlack,AmericanBlack,2,2,2,1,3,1,1,1,1,1,,
AmericanBlack,AmericanBlack,2,2,3,1,3,0,0,0,1,2,,
AmericanBlack,AmericanBlack,2,1,1,2,2,1,0,1,1,2,,
AmericanBlack,AmericanBlack,1,2,3,0,2,1,1,1,1,2,,
AmericanBlack,AmericanBlack,2,2,2,3,2,1,0,0,3,2,,
AmericanBlack,AmericanBlack,2,2,2,2,2,1,0,0,1,2,,
AmericanBlack,AmericanBlack,1,1,3,1,3,0,0,1,1,1,,
AmericanBlack,AmericanBlack,2,2,3,1,2,0,1,1,1,2,,
AmericanBlack,AmericanBlack,2,2,3,1,3,0,0,0,0,0,,
AmericanBlack,AmericanBlack,3,2,2,1,2,3,1,0,2,2,,
AmericanBlack,AmericanBlack,2,3,2,1,3,3,0,0,2,0,,
AmericanBlack,AmericanBlack,1,4,3,1,2,1,0,1,2,0,,
AmericanBlack,AmericanBlack,2,4,3,1,3,1,0,0,1,1,,
AmericanBlack,AmericanBlack,2,3,2,3,2,1,0,0,1,0,,
AmericanBlack,AmericanBlack,1,3,3,1,1,1,0,0,3,0,,
AmericanBlack,AmericanBlack,1,3,3,1,3,2,0,0,1,0,,
AmericanWhite,AmericanWhite,1,2,1,3,2,4,0,0,2,2,,
AmericanWhite,AmericanWhite,3,2,2,1,1,2,0,0,1,,,
AmericanWhite,AmericanWhite,3,3,2,1,1,4,1,0,2,,,
AmericanWhite,AmericanWhite,,3,2,2,2,3,0,0,2,2,,
AmericanWhite,AmericanWhite,1,3,2,1,1,3,0,0,,,,
AmericanWhite,AmericanWhite,1,3,2,2,1,4,0,0,1,1,,
AmericanWhite,AmericanWhite,1,3,2,3,1,4,1,,1,2,,
AmericanWhite,AmericanWhite,3,3,3,2,3,0,0,0,1,2,,
AmericanWhite,AmericanWhite,3,3,2,1,2,3,1,1,2,2,,
AmericanWhite,AmericanWhite,2,2,2,1,1,4,1,0,1,,,
AmericanWhite,AmericanWhite,2,3,2,3,1,2,0,0,2,,,
AmericanWhite,AmericanWhite,3,3,2,1,1,1,1,0,2,2,,
AmericanWhite,AmericanWhite,1,3,2,1,2,3,1,0,2,,,
AmericanWhite,AmericanWhite,1,3,3,1,3,3,1,0,3,2,,
AmericanWhite,AmericanWhite,3,4,2,1,1,0,0,0,,2,,
AmericanWhite,AmericanWhite,3,4,2,1,2,3,1,0,1,2,,
AmericanWhite,AmericanWhite,1,3,2,2,1,3,0,1,1,,,
AmericanWhite,AmericanWhite,2,4,2,1,1,4,0,0,1,,,
AmericanWhite,AmericanWhite,1,3,2,1,2,4,1,0,1,,,
AmericanWhite,AmericanWhite,2,2,2,1,2,0,0,0,1,2,,
AmericanWhite,AmericanWhite,2,2,1,2,2,4,1,0,3,2,,
AmericanWhite,AmericanWhite,2,4,2,2,1,4,1,0,1,2,,
AmericanWhite,AmericanWhite,3,4,2,2,1,3,,0,1,,,
AmericanWhite,AmericanWhite,2,2,2,1,1,3,,0,2,1,,
AmericanWhite,AmericanWhite,2,3,2,1,1,4,1,0,2,1,,
AmericanWhite,AmericanWhite,1,2,2,2,2,2,1,,1,1,,
AmericanWhite,AmericanWhite,2,3,2,1,1,3,1,0,1,1,,
AmericanWhite,AmericanWhite,3,4,2,3,1,3,1,0,1,,,
AmericanWhite,AmericanWhite,1,3,1,2,1,1,1,0,2,1,,
AmericanWhite,AmericanWhite,3,4,1,2,1,2,0,0,1,1,,
AmericanWhite,AmericanWhite,2,4,2,3,1,4,0,0,1,1,,
AmericanWhite,AmericanWhite,3,4,2,2,1,2,1,0,1,1,,
AmericanWhite,AmericanWhite,3,3,1,1,2,3,0,0,1,2,,
AmericanWhite,AmericanWhite,,3,2,3,1,2,0,0,2,1,,
AmericanWhite,AmericanWhite,1,2,2,1,3,4,,0,2,2,,
AmericanWhite,AmericanWhite,3,4,2,2,1,4,0,,2,1,,
AmericanWhite,AmericanWhite,2,4,1,2,2,3,1,0,3,1,,
AmericanWhite,AmericanWhite,3,4,2,3,1,3,1,0,1,,,
AmericanWhite,AmericanWhite,3,3,1,2,1,4,1,0,2,1,,
AmericanWhite,AmericanWhite,2,1,2,1,1,2,1,0,2,,,
AmericanWhite,AmericanWhite,2,4,1,1,1,4,0,0,1,2,,
AmericanWhite,AmericanWhite,3,3,2,1,1,4,0,,1,2,,
AmericanWhite,AmericanWhite,3,3,2,3,1,4,0,1,2,1,,
AmericanWhite,AmericanWhite,1,2,2,2,2,1,0,,1,1,,
AmericanWhite,AmericanWhite,1,4,1,1,2,4,0,0,2,2,,
AmericanWhite,AmericanWhite,3,4,2,3,1,3,0,0,1,1,,
AmericanWhite,AmericanWhite,1,1,1,3,2,2,0,,2,2,,
AmericanWhite,AmericanWhite,1,4,2,1,3,1,1,1,1,2,,
AmericanWhite,AmericanWhite,2,3,1,2,1,3,1,0,1,,,
AmericanWhite,AmericanWhite,1,2,1,3,2,1,0,1,3,2,,
AmericanWhite,AmericanWhite,1,3,3,1,3,1,1,0,1,1,,
AmericanWhite,AmericanWhite,3,3,2,1,2,3,0,,1,2,,
AmericanWhite,AmericanWhite,2,1,2,1,3,2,0,0,2,1,,
AmericanWhite,AmericanWhite,1,3,2,1,1,4,0,0,1,2,,
AmericanWhite,AmericanWhite,3,4,2,1,1,4,0,0,2,1,,
AmericanWhite,AmericanWhite,2,4,2,3,1,2,1,1,1,2,,
AmericanWhite,AmericanWhite,,4,2,3,1,3,,0,2,2,,
AmericanWhite,AmericanWhite,3,4,1,1,2,4,1,0,1,2,,
AmericanWhite,AmericanWhite,2,3,1,2,1,1,1,0,2,2,,
AmericanWhite,AmericanWhite,2,3,1,1,2,3,0,0,1,1,,
AmericanWhite,AmericanWhite,2,3,2,1,1,3,0,,2,1,,
AmericanWhite,AmericanWhite,3,3,2,3,1,4,1,0,1,,,
AmericanWhite,AmericanWhite,3,3,2,1,1,4,0,0,2,2,,
AmericanWhite,AmericanWhite,1,2,2,2,2,4,0,0,1,2,,
AmericanWhite,AmericanWhite,3,4,1,1,2,4,1,,1,,,
AmericanWhite,AmericanWhite,3,3,2,2,2,0,0,0,2,1,,
AmericanWhite,AmericanWhite,3,4,2,1,1,3,0,0,1,1,,
AmericanWhite,AmericanWhite,1,3,2,1,2,3,0,0,1,2,,
AmericanWhite,AmericanWhite,3,2,1,1,2,3,0,,1,1,,
AmericanWhite,AmericanWhite,1,3,3,2,3,0,1,0,1,1,,
AmericanWhite,AmericanWhite,2,4,1,3,2,3,1,0,2,2,,
AmericanWhite,AmericanWhite,1,3,2,2,3,3,0,,2,1,,
AmericanWhite,AmericanWhite,2,3,2,2,2,4,1,0,,2,,
AmericanWhite,AmericanWhite,2,4,2,2,1,4,0,1,1,1,,
AmericanWhite,AmericanWhite,2,3,1,1,2,1,0,,1,2,,
AmericanWhite,AmericanWhite,3,4,2,1,1,4,0,0,1,,,
AmericanWhite,AmericanWhite,2,3,2,3,2,2,0,0,1,2,,
AmericanWhite,AmericanWhite,,2,1,2,2,4,0,1,2,,,
AmericanWhite,AmericanWhite,3,4,2,1,1,4,1,0,1,,,
AmericanWhite,AmericanWhite,3,4,1,1,2,3,1,1,1,1,,
AmericanWhite,AmericanWhite,1,4,2,3,3,3,1,0,1,1,,
AmericanWhite,AmericanWhite,3,3,1,2,1,3,1,1,1,0,,
AmericanWhite,AmericanWhite,3,2,1,1,1,2,0,0,2,2,,
AmericanWhite,AmericanWhite,1,3,3,1,3,1,1,1,1,1,,
AmericanWhite,AmericanWhite,3,3,2,1,1,4,0,1,1,1,,
AmericanWhite,AmericanWhite,2,3,3,1,3,1,0,0,1,1,,
AmericanWhite,AmericanWhite,3,3,2,1,1,3,,,1,2,,
AmericanWhite,AmericanWhite,1,4,2,3,1,2,1,0,1,1,,
AmericanWhite,AmericanWhite,3,3,1,1,2,1,1,0,1,1,,
AmericanWhite,AmericanWhite,2,4,2,1,2,2,,1,1,,,
AmericanWhite,AmericanWhite,3,4,2,3,1,2,1,0,1,2,,
AmericanWhite,AmericanWhite,3,2,1,2,1,1,1,0,2,2,,
AmericanWhite,AmericanWhite,3,4,2,1,2,2,0,,1,,,
AmericanWhite,AmericanWhite,1,3,1,1,1,4,,0,1,,,
AmericanWhite,AmericanWhite,1,3,2,1,1,4,1,1,2,1,,
AmericanWhite,AmericanWhite,3,3,1,2,2,2,1,,1,2,,
AmericanWhite,AmericanWhite,2,4,2,1,2,1,1,0,1,2,,
AmericanWhite,AmericanWhite,1,2,2,1,1,3,1,0,2,1,,
AmericanWhite,AmericanWhite,2,2,1,3,1,2,1,1,1,0,,
AmericanWhite,AmericanWhite,3,2,1,1,2,0,,0,2,1,,
AmericanWhite,AmericanWhite,1,3,2,1,1,1,0,0,3,1,,
AmericanWhite,AmericanWhite,3,2,1,1,2,1,0,1,1,2,,
AmericanWhite,AmericanWhite,2,4,1,2,1,1,1,0,1,1,,
AmericanWhite,AmericanWhite,3,3,1,2,2,2,0,0,1,1,,
AmericanWhite,AmericanWhite,3,3,1,2,2,4,0,1,1,,,
AmericanWhite,AmericanWhite,3,4,2,1,3,3,0,,2,,,
AmericanWhite,AmericanWhite,1,4,1,1,2,4,0,0,2,1,,
AmericanWhite,AmericanWhite,2,3,2,1,1,1,0,,1,2,,
AmericanWhite,AmericanWhite,1,4,1,3,1,2,0,0,1,2,,
AmericanWhite,AmericanWhite,2,3,2,2,1,4,0,0,2,1,,
AmericanWhite,AmericanWhite,1,4,2,1,1,4,,0,2,2,,
AmericanWhite,AmericanWhite,1,3,1,2,1,4,,0,2,1,,
AmericanWhite,AmericanWhite,2,2,1,1,2,3,1,0,2,2,,
AmericanWhite,AmericanWhite,2,4,2,1,2,3,0,0,1,2,,
AmericanWhite,AmericanWhite,1,3,1,1,1,,1,0,1,,,
AmericanWhite,AmericanWhite,1,2,2,1,1,4,0,0,2,1,,
AmericanWhite,AmericanWhite,2,3,2,2,1,2,0,0,1,2,,
AmericanWhite,AmericanWhite,2,2,2,2,3,1,0,0,2,2,,
AmericanWhite,AmericanWhite,,3,2,3,1,4,0,0,1,1,,
AmericanWhite,AmericanWhite,2,2,2,2,1,4,0,1,1,2,,
AmericanWhite,AmericanWhite,2,3,2,1,1,4,1,1,2,,,
AmericanWhite,AmericanWhite,1,2,1,2,2,3,0,0,2,2,,
AmericanWhite,AmericanWhite,1,4,2,3,2,1,1,0,2,2,,
AmericanWhite,AmericanWhite,1,2,2,1,2,4,0,0,1,1,,
AmericanWhite,AmericanWhite,1,2,2,1,1,4,0,,1,,,
AmericanWhite,AmericanWhite,1,4,2,3,1,4,0,1,1,2,,
AmericanWhite,AmericanWhite,,4,2,1,1,4,0,0,1,2,,
AmericanWhite,AmericanWhite,2,3,2,1,1,3,1,,1,2,,
AmericanWhite,AmericanWhite,1,3,2,2,1,2,1,0,2,1,,
AmericanWhite,AmericanWhite,2,4,2,1,2,1,0,0,1,2,,
AmericanWhite,AmericanWhite,2,3,2,1,1,,,0,1,2,,
Amerindian,Amerindian,2,3,2,3,3,,,0,1,1,,
Amerindian,Amerindian,2,3,2,2,1,4,0,0,3,1,,
Amerindian,Amerindian,2,2,2,3,2,3,1,0,1,1,,
Amerindian,Amerindian,2,3,3,1,3,4,1,0,1,1,,
Amerindian,Amerindian,2,1,3,1,3,2,1,0,1,1,,
Amerindian,Amerindian,2,2,1,3,2,3,1,,2,0,,
Amerindian,Amerindian,2,1,2,2,2,2,0,0,2,2,,
Amerindian,Amerindian,2,3,3,3,2,3,1,0,2,2,,
Amerindian,Amerindian,2,1,2,2,2,3,1,0,2,2,,
Amerindian,Amerindian,2,2,1,3,2,3,0,0,1,1,,
Amerindian,Amerindian,2,1,2,1,2,1,1,1,1,2,,
Amerindian,Amerindian,2,3,1,2,2,3,1,0,2,2,,
Amerindian,Amerindian,2,1,3,3,3,1,1,0,,1,,
Amerindian,Amerindian,2,2,1,3,1,3,1,0,,2,,
Amerindian,Amerindian,2,3,1,1,2,0,0,0,2,1,,
Amerindian,Amerindian,1,2,1,3,2,3,1,0,2,1,,
Amerindian,Amerindian,2,3,2,3,3,3,1,0,3,0,,
Amerindian,Amerindian,2,2,1,1,1,3,1,0,1,1,,
Amerindian,Amerindian,1,2,2,1,3,1,0,0,2,2,,
Amerindian,Amerindian,1,2,2,1,3,3,0,0,2,2,,
Amerindian,Amerindian,2,2,2,2,1,3,0,0,2,2,,
Amerindian,Amerindian,2,2,1,3,2,2,1,0,1,1,,
Amerindian,Amerindian,2,2,1,2,2,3,1,0,1,1,,
Amerindian,Amerindian,2,2,2,3,3,3,1,0,2,2,,
Amerindian,Amerindian,2,3,1,3,1,4,1,0,1,2,,
Amerindian,Amerindian,,2,2,2,3,3,1,0,1,2,,
Amerindian,Amerindian,2,2,1,1,2,3,,0,3,2,,
Amerindian,Amerindian,,3,1,2,3,2,0,0,2,2,,
Amerindian,Amerindian,2,2,1,3,2,3,1,0,2,1,,
Amerindian,Amerindian,1,2,1,1,2,3,1,0,2,2,,
Amerindian,Amerindian,,2,1,2,2,1,0,0,3,2,,
Amerindian,Amerindian,2,2,1,1,2,3,,0,1,1,,
Amerindian,Amerindian,2,2,2,2,2,1,1,0,2,1,,
Amerindian,Amerindian,2,2,1,2,2,3,,0,2,2,,
Amerindian,Amerindian,1,1,1,1,2,,,0,3,2,,
Amerindian,Amerindian,2,1,1,1,2,3,1,0,2,2,,
Amerindian,Amerindian,2,3,1,3,2,3,0,0,2,2,,
Amerindian,Amerindian,2,3,1,2,2,4,1,0,3,2,,
Amerindian,Amerindian,2,3,1,3,3,3,1,0,2,2,,
Amerindian,Amerindian,2,5,1,1,2,3,1,0,1,2,,
Amerindian,Amerindian,2,2,1,1,2,2,,0,1,1,,
Amerindian,Amerindian,2,3,1,2,2,3,,0,1,2,,
Amerindian,Amerindian,2,2,2,3,2,0,1,0,2,1,,
Amerindian,Amerindian,2,2,2,3,2,,,0,1,,,
Amerindian,Amerindian,2,2,2,1,3,1,1,0,1,1,,
Amerindian,Amerindian,2,2,2,1,2,0,0,0,2,1,,
Amerindian,Amerindian,2,2,1,1,2,2,,0,1,1,,
Amerindian,Amerindian,2,2,1,2,2,3,1,0,1,2,,
Amerindian,Amerindian,2,1,1,1,3,3,1,0,2,2,,
Amerindian,Amerindian,2,2,1,3,2,3,0,0,2,1,,
Amerindian,Amerindian,2,2,2,3,2,3,1,0,2,1,,
Amerindian,Amerindian,,1,2,1,3,3,0,0,1,1,,
Amerindian,Amerindian,,3,1,1,2,3,,0,,1,,
Amerindian,Amerindian,2,2,1,2,2,2,,0,3,2,,
Amerindian,Amerindian,2,3,1,3,2,3,,0,1,2,,
Amerindian,Amerindian,2,4,1,1,1,1,0,0,3,1,,
Amerindian,Amerindian,1,2,2,1,2,3,,0,1,0,,
Amerindian,Amerindian,2,4,2,2,2,3,,1,1,2,,
Amerindian,Amerindian,,4,2,1,1,1,1,0,1,1,,
Amerindian,Amerindian,2,4,2,1,2,1,1,0,3,0,,
Amerindian,Amerindian,,,,,1,3,,0,3,0,,
Amerindian,Amerindian,2,2,1,1,1,3,1,0,1,,,
Amerindian,Amerindian,2,2,1,2,1,3,0,0,1,,,
Amerindian,Amerindian,2,1,2,2,2,0,,1,2,2,,
Amerindian,Amerindian,2,2,2,1,1,3,1,,3,1,,
Amerindian,Amerindian,2,2,1,3,2,1,,0,2,1,,
Amerindian,Amerindian,2,2,1,1,3,0,1,,1,1,,
Amerindian,Amerindian,2,1,1,2,2,0,0,0,3,2,,
Amerindian,Amerindian,2,2,1,2,2,3,0,0,1,,,
Amerindian,Amerindian,2,2,1,2,2,3,0,0,1,,,
Amerindian,Amerindian,2,3,1,2,2,3,1,0,1,1,,
Amerindian,Amerindian,2,3,1,2,2,3,1,0,1,1,,
Amerindian,Amerindian,2,3,1,2,2,3,1,0,2,1,,
Amerindian,Amerindian,2,2,1,2,2,1,1,0,1,1,,
Amerindian,Amerindian,2,2,3,2,3,0,0,0,1,2,,
Amerindian,Amerindian,3,3,2,1,2,3,1,0,1,2,,
Amerindian,Amerindian,3,3,2,1,2,3,1,0,1,2,,
Amerindian,Amerindian,2,1,1,2,2,3,0,0,2,2,,
Amerindian,Amerindian,2,3,1,1,2,3,0,0,1,1,,
Amerindian,Amerindian,2,2,1,2,2,3,1,0,2,1,,
Amerindian,Amerindian,2,2,1,1,2,1,1,0,1,2,,
Amerindian,Amerindian,2,3,1,1,2,3,1,0,1,1,,
Amerindian,Amerindian,2,2,1,1,2,3,1,0,1,1,,
Amerindian,Amerindian,2,2,1,1,3,3,0,0,2,2,,
Amerindian,Amerindian,2,2,1,2,2,3,1,0,2,2,,
Amerindian,Amerindian,2,2,1,1,2,3,1,0,1,2,,
Amerindian,Amerindian,2,2,1,3,2,4,1,0,1,1,,
Amerindian,Amerindian,2,1,3,3,3,0,1,1,2,1,,
Amerindian,Amerindian,1,2,1,2,2,1,1,,2,1,,
Amerindian,Amerindian,2,2,1,1,2,1,0,0,1,1,,
Amerindian,Amerindian,2,4,1,1,3,1,1,0,1,1,,
Amerindian,Amerindian,2,2,1,3,2,1,0,0,1,0,,
Amerindian,Amerindian,2,3,1,3,2,3,0,0,3,2,,
Amerindian,Amerindian,3,2,2,1,2,3,0,1,3,0,,
Amerindian,Amerindian,3,2,2,1,2,3,0,1,3,0,,
Amerindian,Amerindian,2,4,2,1,1,1,0,0,1,0,,
Asian,Asian,2,2,3,3,3,1,0,0,2,0,,
Asian,Asian,2,2,2,1,2,3,1,1,2,2,,
Asian,Asian,2,2,2,3,2,0,0,0,3,2,,
Asian,Asian,2,2,1,2,2,2,0,,,1,,
Asian,Asian,2,2,3,2,3,0,0,0,3,2,,
Asian,Asian,2,2,1,1,2,2,1,0,3,1,,
Asian,Asian,2,2,1,1,2,2,0,,1,,,
Asian,Asian,2,2,1,2,2,2,0,0,2,1,,
Asian,Asian,2,2,1,2,2,1,0,0,3,,,
Asian,Asian,2,2,2,1,2,1,1,0,1,,,
Asian,Asian,2,2,1,1,2,0,0,1,1,,,
Asian,Asian,2,1,2,1,2,0,0,0,1,1,,
Asian,Asian,2,1,1,3,2,1,0,0,,2,,
Asian,Asian,2,2,1,1,2,2,0,0,2,2,,
Asian,Asian,2,2,1,1,2,1,0,0,1,0,,
Asian,Asian,2,1,2,3,2,1,0,0,2,2,,
Asian,Asian,2,1,2,2,2,1,,0,,2,,
Asian,Asian,2,1,1,1,2,0,0,0,2,,,
Asian,Asian,2,3,2,3,2,2,0,1,2,2,,
Asian,Asian,2,2,2,2,2,2,0,0,3,2,,
Asian,Asian,2,1,2,3,1,1,0,0,1,1,,
Asian,Asian,,2,2,2,2,1,0,0,,,,
Asian,Asian,2,2,2,3,2,3,0,0,3,2,,
Asian,Asian,2,1,1,3,2,2,0,0,3,2,,
Asian,Asian,2,3,1,1,2,1,0,0,2,1,,
Asian,Asian,2,1,1,2,2,4,1,0,2,1,,
Asian,Asian,2,1,1,1,2,3,0,0,2,2,,
Asian,Asian,2,2,2,3,3,0,1,0,1,2,,
Asian,Asian,2,1,2,2,2,2,1,0,2,1,,
Asian,Asian,2,2,1,3,2,1,0,0,1,2,,
Asian,Asian,2,2,2,2,2,1,,1,2,,,
Asian,Asian,2,1,2,2,2,0,0,0,1,2,,
Asian,Asian,2,2,1,1,2,1,0,,2,2,,
Asian,Asian,2,2,2,1,2,2,0,0,3,2,,
Asian,Asian,2,1,1,3,2,1,1,0,2,2,,
Asian,Asian,2,2,1,1,2,2,0,0,2,1,,
Asian,Asian,2,1,2,1,2,2,0,0,1,0,,
Asian,Asian,2,3,1,3,2,2,0,0,,2,,
Asian,Asian,2,2,2,1,2,2,0,,1,1,,
Asian,Asian,2,2,1,1,2,2,0,0,3,2,,
Asian,Asian,2,1,2,1,2,0,0,0,,1,,
Asian,Asian,2,2,2,2,3,0,1,0,3,2,,
Asian,Asian,2,2,2,2,2,2,0,1,2,2,,
Asian,Asian,2,2,2,1,2,2,0,0,2,2,,
Asian,Asian,2,2,2,2,2,0,0,0,2,2,,
Asian,Asian,2,2,2,1,2,,0,0,2,2,,
Asian,Asian,2,2,1,2,2,1,0,0,2,,,
Asian,Asian,2,2,1,2,2,3,0,0,3,2,,
Asian,Asian,2,2,2,1,2,0,0,0,3,1,,
Asian,Asian,2,2,2,2,2,1,0,0,3,2,,
Asian,Asian,2,2,1,1,2,2,0,0,1,2,,
Asian,Asian,2,2,2,2,2,3,1,0,1,1,,
Asian,Asian,2,2,1,1,2,3,0,0,,2,,
Asian,Asian,2,2,2,3,2,2,,0,3,1,,
Asian,Asian,2,1,2,1,3,2,1,0,,0,,
Asian,Asian,2,1,1,2,2,0,,0,1,2,,
Asian,Asian,2,1,1,2,2,3,1,0,2,2,,
Asian,Asian,2,2,2,2,2,0,0,1,2,1,,
Asian,Asian,2,2,3,1,2,2,0,0,,2,,
Asian,Asian,2,2,3,1,3,1,0,0,2,2,,
Asian,Asian,2,2,2,2,3,0,0,0,2,1,,
Asian,Asian,2,2,1,1,2,2,1,0,1,2,,
Asian,Asian,2,2,2,3,2,0,0,0,2,,,
Asian,Asian,2,1,1,2,2,,,1,2,2,,
Asian,Asian,2,1,1,1,2,0,1,1,2,,,
Asian,Asian,2,2,2,3,2,0,1,0,2,1,,
Asian,Asian,2,4,3,2,3,3,1,0,1,1,,
Asian,Asian,2,1,2,3,2,2,1,0,3,,,
Asian,Asian,2,2,1,1,2,2,1,0,3,1,,
Asian,Asian,2,4,2,1,2,2,0,0,2,2,,
Asian,Asian,2,2,2,3,2,2,0,0,1,2,,
Asian,Asian,2,2,1,1,2,1,0,0,,,,
Asian,Asian,2,1,2,1,2,2,1,0,2,1,,
Asian,Asian,2,2,2,2,2,2,0,0,3,2,,
Asian,Asian,2,1,2,3,2,3,1,0,1,1,,
Asian,Asian,2,2,1,3,1,,,0,1,1,,
Guatemalan,Guatemalan,2,4,2,1,2,3,,1,2,1,,
Guatemalan,Guatemalan,3,4,2,2,1,1,0,0,3,1,,
Guatemalan,Guatemalan,3,2,2,1,3,1,0,0,2,1,,
Guatemalan,Guatemalan,2,4,3,1,3,3,0,0,1,,,
Guatemalan,Guatemalan,2,4,2,1,2,3,0,0,2,,,
Guatemalan,Guatemalan,2,3,2,3,2,1,1,1,1,2,,
Guatemalan,Guatemalan,3,3,1,0,3,1,1,0,1,0,,
Guatemalan,Guatemalan,2,5,2,1,2,1,0,1,1,1,,
Guatemalan,Guatemalan,2,4,2,1,2,4,0,0,3,0,,
Guatemalan,Guatemalan,3,5,2,3,1,1,1,,2,0,,
Guatemalan,Guatemalan,,,3,1,3,0,0,0,2,1,,
Guatemalan,Guatemalan,2,1,1,2,2,3,0,0,2,,,
Guatemalan,Guatemalan,3,1,3,1,3,3,0,0,2,0,,
Guatemalan,Guatemalan,,3,2,2,1,3,1,0,2,0,,
Guatemalan,Guatemalan,3,3,1,1,1,4,0,0,2,1,,
Guatemalan,Guatemalan,2,4,3,1,2,3,0,0,1,,,
Guatemalan,Guatemalan,3,3,1,0,2,3,0,0,1,,,
Guatemalan,Guatemalan,2,3,2,3,3,4,0,0,2,1,,
Guatemalan,Guatemalan,2,3,3,1,3,1,0,1,1,1,,
Guatemalan,Guatemalan,3,3,3,1,3,1,0,0,1,1,,
Guatemalan,Guatemalan,2,4,2,2,3,1,0,0,2,0,,
Guatemalan,Guatemalan,2,1,2,1,2,1,1,0,2,1,,
Guatemalan,Guatemalan,3,3,2,1,3,3,0,0,1,,,
Guatemalan,Guatemalan,2,4,2,2,2,1,0,0,2,,,
Guatemalan,Guatemalan,2,3,2,3,2,4,1,0,2,0,,
Guatemalan,Guatemalan,1,1,3,3,3,4,1,1,2,0,,
Guatemalan,Guatemalan,1,3,3,0,3,4,0,0,3,0,,
Guatemalan,Guatemalan,2,1,2,1,2,3,0,0,2,1,,
Guatemalan,Guatemalan,2,3,2,0,2,3,1,0,1,,,
Guatemalan,Guatemalan,2,4,2,1,2,1,0,0,3,0,,
Guatemalan,Guatemalan,2,4,2,1,2,1,1,0,1,0,,
Guatemalan,Guatemalan,2,4,2,0,2,1,0,0,1,,,
Guatemalan,Guatemalan,3,4,2,3,2,1,0,0,2,0,,
Guatemalan,Guatemalan,2,3,3,2,2,3,0,1,2,0,,
Guatemalan,Guatemalan,3,2,1,1,3,3,1,0,2,1,,
Guatemalan,Guatemalan,2,3,3,2,3,4,0,0,3,1,,
Guatemalan,Guatemalan,2,3,2,2,3,3,1,0,1,,,
Guatemalan,Guatemalan,2,3,1,1,2,1,1,0,2,0,,
Guatemalan,Guatemalan,3,4,1,2,2,4,1,0,0,,,
Guatemalan,Guatemalan,2,4,3,1,2,3,0,,0,,,
Guatemalan,Guatemalan,2,3,2,1,2,4,0,0,3,,,
Guatemalan,Guatemalan,2,3,2,2,2,3,1,0,1,,,
Guatemalan,Guatemalan,3,3,2,1,2,4,1,1,2,1,,
Guatemalan,Guatemalan,2,2,2,0,2,4,1,1,3,0,,
Guatemalan,Guatemalan,2,2,2,0,2,3,0,0,3,1,,
Guatemalan,Guatemalan,,,2,1,,3,0,0,2,,,
Guatemalan,Guatemalan,2,4,1,0,2,3,0,0,2,,,
Guatemalan,Guatemalan,2,,2,1,,3,1,0,2,,,
Guatemalan,Guatemalan,3,4,3,3,2,1,1,0,3,0,,
Guatemalan,Guatemalan,2,2,2,1,3,4,1,0,1,0,,
Guatemalan,Guatemalan,3,1,2,2,2,4,1,0,2,1,,
Guatemalan,Guatemalan,2,5,1,1,2,4,0,0,2,,,
Guatemalan,Guatemalan,3,4,2,1,3,4,1,1,1,0,,
Guatemalan,Guatemalan,2,3,1,0,2,1,0,1,1,0,,
Guatemalan,Guatemalan,2,3,3,3,2,4,1,0,2,1,,
Guatemalan,Guatemalan,,2,3,1,2,,,0,2,,,
Guatemalan,Guatemalan,3,3,2,2,2,1,1,0,2,0,,
Guatemalan,Guatemalan,2,2,1,1,2,1,0,0,2,,,
Guatemalan,Guatemalan,3,3,2,1,2,3,1,0,1,,,
Guatemalan,Guatemalan,3,3,1,2,1,1,1,0,1,0,,
Guatemalan,Guatemalan,2,4,1,0,1,3,1,0,1,,,
Guatemalan,Guatemalan,2,4,1,1,2,3,0,0,3,1,,
Guatemalan,Guatemalan,3,4,1,3,1,3,1,0,,1,,
Guatemalan,Guatemalan,2,3,2,3,3,0,1,0,1,,,
Guatemalan,Guatemalan,2,4,2,1,2,4,1,0,1,,,
Guatemalan,Guatemalan,3,4,2,2,2,0,1,0,3,1,,
Guatemalan,Guatemalan,2,1,2,2,2,0,1,1,0,,,
Guatemalan,Guatemalan,2,3,2,2,2,1,0,0,2,0,,
Guatemalan,Guatemalan,1,5,2,1,1,3,0,0,3,1,,
Guatemalan,Guatemalan,,4,3,1,3,4,1,0,3,0,,
Guatemalan,Guatemalan,2,4,2,2,1,1,0,0,3,0,,
Guatemalan,Guatemalan,2,3,2,2,2,1,1,0,2,,,
Guatemalan,Guatemalan,2,1,1,0,2,3,,0,2,,,
Guatemalan,Guatemalan,2,2,1,0,2,1,0,0,1,0,,
Guatemalan,Guatemalan,2,2,3,2,3,1,1,0,3,,,
Guatemalan,Guatemalan,2,3,1,1,1,3,0,0,2,0,,
Guatemalan,Guatemalan,2,2,2,1,1,1,0,0,1,0,,
Guatemalan,Guatemalan,2,4,2,2,2,3,1,0,1,0,,
Guatemalan,Guatemalan,2,4,3,0,2,4,1,0,2,0,,
Guatemalan,Guatemalan,,,,,,,,1,2,,,
Guatemalan,Guatemalan,2,3,2,2,1,3,0,0,3,1,,
Guatemalan,Guatemalan,2,3,2,2,2,3,1,0,0,,,
Guatemalan,Guatemalan,,,,,,,,,,,,
Guatemalan,Guatemalan,3,5,1,1,1,3,0,0,1,,,
Guatemalan,Guatemalan,3,4,1,1,1,2,0,0,1,0,,
Guatemalan,Guatemalan,2,2,1,3,3,3,0,0,1,,,
Guatemalan,Guatemalan,2,2,1,1,1,4,0,0,3,0,,
Guatemalan,Guatemalan,2,3,2,1,3,,,0,1,0,,
Guatemalan,Guatemalan,3,1,2,1,2,4,1,0,2,0,,
Guatemalan,Guatemalan,2,2,2,2,2,3,1,0,3,0,,
Guatemalan,Guatemalan,2,4,2,1,2,4,0,0,2,2,,
Guatemalan,Guatemalan,2,4,2,1,2,4,1,1,2,0,,
Guatemalan,Guatemalan,2,2,1,1,2,4,1,0,2,,,
Guatemalan,Guatemalan,,,,,,,,0,,,,
Guatemalan,Guatemalan,2,3,2,1,1,3,0,1,1,,,
Guatemalan,Guatemalan,1,4,2,0,2,3,0,0,3,,,
Guatemalan,Guatemalan,2,2,2,2,2,3,1,0,1,0,,
Guatemalan,Guatemalan,3,3,2,1,2,3,0,0,2,1,,
Guatemalan,Guatemalan,2,4,2,1,2,3,1,0,3,1,,
Guatemalan,Guatemalan,2,3,2,1,1,1,1,0,1,0,,
Guatemalan,Guatemalan,1,1,3,2,2,3,1,0,2,0,,
Guatemalan,Guatemalan,2,3,2,1,3,0,0,0,2,1,,
Guatemalan,Guatemalan,2,3,2,2,2,3,0,0,1,,,
Guatemalan,Guatemalan,2,2,2,3,1,3,1,0,3,1,,
Guatemalan,Guatemalan,2,4,1,1,2,3,1,1,1,0,,
SWHispanic,SWHispanic,2,4,2,0,2,3,1,0,1,0,,
SWHispanic,SWHispanic,2,3,2,1,2,1,1,1,1,1,,
SWHispanic,SWHispanic,2,4,1,1,2,1,1,0,3,1,,
SWHispanic,SWHispanic,1,3,2,1,2,2,1,,2,1,,
SWHispanic,SWHispanic,2,3,2,2,2,1,1,0,1,0,,
SWHispanic,SWHispanic,3,4,1,2,2,3,1,1,1,0,,
SWHispanic,SWHispanic,1,3,2,1,2,1,1,0,1,0,,
SWHispanic,SWHispanic,3,5,2,1,2,3,1,1,2,1,,
SWHispanic,SWHispanic,2,3,2,1,2,3,0,0,1,1,,
SWHispanic,SWHispanic,3,3,2,1,2,3,1,0,1,2,,
SWHispanic,SWHispanic,2,3,1,2,2,3,1,0,1,2,,
SWHispanic,SWHispanic,3,4,2,1,2,3,1,1,2,1,,
SWHispanic,SWHispanic,3,4,2,2,2,3,1,0,1,2,,
SWHispanic,SWHispanic,,3,1,2,2,3,1,0,1,0,,
SWHispanic,SWHispanic,2,4,2,1,2,0,0,1,1,1,,
SWHispanic,SWHispanic,2,2,2,2,1,,,0,1,2,,
SWHispanic,SWHispanic,,2,2,2,1,,,0,2,0,,
SWHispanic,SWHispanic,2,3,1,1,1,3,1,0,1,1,,
SWHispanic,SWHispanic,3,4,2,1,1,3,1,0,3,0,,
SWHispanic,SWHispanic,1,3,1,1,2,3,1,0,1,1,,
SWHispanic,SWHispanic,2,4,1,1,2,3,1,1,1,0,,
SWHispanic,SWHispanic,,3,2,2,2,,,1,2,1,,
SWHispanic,SWHispanic,2,3,1,1,2,,,0,0,0,,
SWHispanic,SWHispanic,1,3,2,1,2,3,0,0,1,0,,
SWHispanic,SWHispanic,2,3,1,1,2,3,1,0,1,0,,
SWHispanic,SWHispanic,2,2,1,1,2,2,0,0,1,0,,
SWHispanic,SWHispanic,2,3,2,0,2,1,1,,3,0,,
SWHispanic,SWHispanic,1,3,1,1,1,3,1,0,3,1,,
SWHispanic,SWHispanic,3,3,1,1,2,3,1,0,3,1,,
SWHispanic,SWHispanic,3,3,1,1,2,3,1,0,2,1,,
SWHispanic,SWHispanic,2,3,2,3,1,4,,1,3,0,,
SWHispanic,SWHispanic,2,3,1,1,2,1,1,1,2,0,,
SWHispanic,SWHispanic,2,2,1,1,2,,1,0,2,1,,
SWHispanic,SWHispanic,1,4,2,2,2,3,1,1,1,0,,
SWHispanic,SWHispanic,1,3,3,3,2,,,,0,0,,
SWHispanic,SWHispanic,2,3,1,1,2,1,1,0,2,2,,
SWHispanic,SWHispanic,1,3,1,1,2,4,1,0,2,0,,
SWHispanic,SWHispanic,2,3,1,1,1,3,,0,1,0,,
SWHispanic,SWHispanic,2,3,2,1,2,3,1,0,1,0,,
SWHispanic,SWHispanic,3,4,2,1,2,3,,0,2,0,,
SWHispanic,SWHispanic,2,3,2,0,2,,,0,1,1,,
SWHispanic,SWHispanic,1,3,2,1,1,3,1,0,1,0,,
SWHispanic,SWHispanic,2,2,1,1,2,2,1,,1,2,,
SWHispanic,SWHispanic,1,4,2,1,2,3,1,0,1,1,,
SWHispanic,SWHispanic,1,3,1,1,1,3,1,0,1,0,,
SWHispanic,SWHispanic,2,3,1,1,1,4,1,,2,0,,
SWHispanic,SWHispanic,2,4,2,1,1,2,1,0,1,1,,
SWHispanic,SWHispanic,2,3,1,2,2,3,1,0,3,,,
SWHispanic,SWHispanic,3,3,1,0,1,3,1,,1,1,,
SWHispanic,SWHispanic,2,3,1,1,2,3,1,,3,0,,
SWHispanic,SWHispanic,2,3,1,1,2,1,1,0,1,0,,
SWHispanic,SWHispanic,3,5,1,1,1,3,0,,1,1,,
SWHispanic,SWHispanic,,3,2,1,,,,0,1,1,,
SWHispanic,SWHispanic,3,4,2,2,1,3,0,0,2,2,,
SWHispanic,SWHispanic,3,5,3,0,2,1,1,0,1,1,,
SWHispanic,SWHispanic,3,5,2,1,2,3,1,0,2,2,,
SWHispanic,SWHispanic,2,3,3,2,2,0,,0,3,0,,
SWHispanic,SWHispanic,1,3,1,1,1,,,0,2,0,,
SWHispanic,SWHispanic,3,3,2,2,2,3,1,,1,0,,
SWHispanic,SWHispanic,1,2,2,2,2,1,1,0,1,2,,
SWHispanic,SWHispanic,,2,2,1,3,3,0,1,,1,,
SWHispanic,SWHispanic,2,2,2,1,2,3,1,0,3,1,,
SWHispanic,SWHispanic,2,3,2,2,2,1,1,0,2,0,,
SWHispanic,SWHispanic,2,3,2,1,2,3,1,0,1,0,,
SWHispanic,SWHispanic,2,3,2,1,2,3,1,,2,0,,
SWHispanic,SWHispanic,2,3,1,1,2,1,1,0,2,0,,
SWHispanic,SWHispanic,2,3,2,2,2,0,1,0,2,0,,
SWHispanic,SWHispanic,2,5,1,0,2,3,1,0,3,2,,
SWHispanic,SWHispanic,1,3,2,2,2,1,,1,2,0,,
SWHispanic,SWHispanic,2,4,1,2,2,3,1,1,3,1,,
SWHispanic,SWHispanic,3,3,2,1,1,3,0,0,1,1,,
SWHispanic,SWHispanic,2,5,2,2,1,3,1,0,2,2,,
SWHispanic,SWHispanic,2,2,1,2,2,4,1,1,1,0,,
SWHispanic,SWHispanic,3,4,1,1,1,3,1,0,2,1,,
SWHispanic,SWHispanic,2,4,2,0,2,3,1,1,2,2,,
SWHispanic,SWHispanic,2,3,1,0,2,3,1,0,2,2,,
SWHispanic,SWHispanic,2,4,2,1,2,3,1,,1,0,,
SWHispanic,SWHispanic,2,3,1,0,2,4,,0,1,1,,
SWHispanic,SWHispanic,3,5,1,1,1,3,1,0,1,0,,
SWHispanic,SWHispanic,2,3,2,2,1,4,1,0,1,0,,
SWHispanic,SWHispanic,1,4,1,2,2,3,1,0,1,1,,
SWHispanic,SWHispanic,3,4,2,2,2,3,1,1,2,1,,
SWHispanic,SWHispanic,3,3,2,1,1,2,1,0,1,0,,
SWHispanic,SWHispanic,2,3,1,1,2,3,1,0,2,0,,
SWHispanic,SWHispanic,1,3,2,1,2,1,,1,1,2,,
SWHispanic,SWHispanic,,,2,1,,3,,1,3,,,
SWHispanic,SWHispanic,2,3,1,1,2,3,1,1,2,1,,
SWHispanic,SWHispanic,2,4,1,2,2,4,0,0,1,0,,
SWHispanic,SWHispanic,2,3,2,1,2,1,1,0,1,1,,
SWHispanic,SWHispanic,2,3,3,1,2,1,1,1,1,1,,
SWHispanic,SWHispanic,2,3,2,1,1,3,1,0,1,0,,
SWHispanic,SWHispanic,2,3,1,1,1,3,1,1,1,1,,
SWHispanic,SWHispanic,2,3,2,1,2,1,1,0,2,0,,
SWHispanic,SWHispanic,3,3,1,1,2,3,1,0,2,2,,
SWHispanic,SWHispanic,1,3,2,1,2,1,1,0,1,0,,
SWHispanic,SWHispanic,2,3,3,0,2,0,0,1,3,1,,
SWHispanic,SWHispanic,2,3,2,1,2,1,1,1,2,1,,
SWHispanic,SWHispanic,2,3,2,1,2,3,0,0,3,0,,
SWHispanic,SWHispanic,2,2,2,1,2,1,1,0,1,2,,
SWHispanic,SWHispanic,2,3,2,0,2,3,1,0,2,1,,
SWHispanic,SWHispanic,1,3,2,1,2,,,0,1,0,,
Thailand,Thailand,2,2,1,0,2,3,0,0,2,1,,
Thailand,Thailand,3,4,3,1,2,1,1,0,3,1,,
Thailand,Thailand,2,2,2,2,2,3,1,1,3,2,,
Thailand,Thailand,2,2,1,0,2,3,0,0,1,1,,
Thailand,Thailand,1,1,2,3,3,0,1,1,1,2,,
Thailand,Thailand,1,2,2,1,2,0,0,0,1,2,,
Thailand,Thailand,2,3,1,1,2,1,1,0,1,2,,
Thailand,Thailand,1,2,2,1,2,0,0,0,1,0,,
Thailand,Thailand,1,4,3,2,3,0,0,0,3,0,,
Thailand,Thailand,2,3,1,1,2,0,,0,1,0,,
Thailand,Thailand,2,2,2,0,2,0,0,0,3,1,,
Thailand,Thailand,2,2,2,1,2,2,0,0,1,1,,
Thailand,Thailand,1,1,2,2,2,0,0,1,1,0,,
Thailand,Thailand,2,2,3,1,3,0,0,1,2,0,,
Thailand,Thailand,2,3,2,2,2,0,0,0,1,2,,
Thailand,Thailand,1,3,2,2,3,0,0,0,2,1,,
Thailand,Thailand,1,4,2,1,2,0,,0,1,0,,
Thailand,Thailand,2,3,2,1,2,1,0,1,1,0,,
Thailand,Thailand,2,3,1,1,2,3,0,0,2,1,,
Thailand,Thailand,2,2,2,0,3,0,0,0,1,1,,
Thailand,Thailand,2,3,2,1,2,2,0,1,3,1,,
Thailand,Thailand,2,4,1,1,2,3,,1,0,1,,
Thailand,Thailand,2,2,2,1,2,0,0,1,1,1,,
Thailand,Thailand,1,3,2,2,2,0,1,0,1,0,,
Thailand,Thailand,2,3,2,2,2,0,0,1,1,0,,
Thailand,Thailand,2,2,2,1,2,1,1,0,1,1,,
Thailand,Thailand,2,2,1,0,1,3,1,1,2,1,,
Thailand,Thailand,2,2,2,1,2,1,0,0,1,2,,
Thailand,Thailand,2,2,2,1,2,1,0,0,1,2,,
Thailand,Thailand,2,2,2,1,3,1,0,0,1,1,,
Thailand,Thailand,2,3,3,2,2,1,0,0,1,0,,
Thailand,Thailand,1,1,2,1,2,0,1,0,1,1,,
Thailand,Thailand,2,2,3,1,3,0,0,0,0,2,,
Thailand,Thailand,1,2,2,1,2,1,0,0,1,1,,
Thailand,Thailand,2,3,2,0,2,0,0,0,1,1,,
Thailand,Thailand,2,2,1,2,2,3,1,0,1,1,,
Thailand,Thailand,1,3,2,3,2,0,0,0,2,1,,
Thailand,Thailand,1,3,3,2,2,0,0,0,2,0,,
Thailand,Thailand,2,3,2,2,2,1,0,1,1,0,,
Thailand,Thailand,2,2,2,1,2,1,0,0,1,0,,
Thailand,Thailand,1,2,2,2,2,1,1,0,3,1,,
Thailand,Thailand,2,2,1,1,2,2,1,0,1,0,,
Thailand,Thailand,1,2,2,2,2,0,0,1,2,1,,
Thailand,Thailand,2,3,2,1,3,1,0,0,3,1,,
Thailand,Thailand,2,4,2,1,1,0,0,1,3,1,,
Thailand,Thailand,1,3,1,0,2,0,0,1,2,1,,
Thailand,Thailand,2,2,1,1,2,3,0,0,1,1,,
Thailand,Thailand,2,4,2,1,2,3,0,1,1,0,,
Thailand,Thailand,2,3,2,1,2,0,0,1,1,1,,
Thailand,Thailand,1,2,1,3,2,3,0,0,2,1,,
Thailand,Thailand,2,3,2,0,2,0,1,0,2,0,,
Thailand,Thailand,1,2,1,1,3,1,0,0,1,,,
Thailand,Thailand,2,2,2,2,2,0,0,0,1,0,,
Thailand,Thailand,,2,2,0,2,0,0,0,1,0,,
Thailand,Thailand,2,3,2,2,2,3,0,1,2,0,,
Thailand,Thailand,1,2,2,2,2,0,0,0,1,0,,
Thailand,Thailand,2,3,1,1,1,1,0,0,1,1,,
Thailand,Thailand,1,2,2,1,2,1,0,0,2,1,,
Thailand,Thailand,2,3,1,1,2,1,0,0,1,0,,
Thailand,Thailand,2,3,2,1,2,0,0,0,3,1,,
Thailand,Thailand,2,2,1,3,3,0,0,0,1,1,,
Thailand,Thailand,2,3,2,2,2,1,0,0,1,2,,
Thailand,Thailand,2,3,2,2,2,0,0,0,2,0,,
Thailand,Thailand,,5,1,0,3,0,0,1,1,0,,
Thailand,Thailand,3,5,2,1,2,3,0,0,1,1,,
Thailand,Thailand,1,3,2,1,3,0,0,0,0,2,,
Thailand,Thailand,1,3,2,2,2,0,0,0,1,0,,
Thailand,Thailand,3,4,3,1,3,0,1,0,1,1,,
Thailand,Thailand,3,4,1,1,2,3,0,0,1,1,,
Thailand,Thailand,2,2,2,2,3,2,0,0,1,1,,
Thailand,Thailand,1,2,1,2,2,1,0,0,3,1,,
Thailand,Thailand,2,3,2,2,2,1,0,0,1,0,,
Thailand,Thailand,2,2,2,1,2,1,0,0,1,0,,
Thailand,Thailand,2,4,1,1,2,0,0,0,1,0,,
Thailand,Thailand,2,3,2,2,2,1,0,0,1,2,,
Thailand,Thailand,2,4,3,0,2,,0,1,2,1,,
Thailand,Thailand,2,2,2,3,2,1,0,0,2,0,,
Thailand,Thailand,2,3,2,0,2,0,0,0,1,0,,
Thailand,Thailand,2,2,1,1,2,1,0,1,3,0,,
Thailand,Thailand,2,2,2,1,2,1,0,0,2,0,,
Thailand,Thailand,2,2,1,1,2,0,0,0,3,1,,
Thailand,Thailand,2,3,1,1,2,1,0,0,2,1,,
Thailand,Thailand,2,3,3,1,2,0,0,0,1,1,,
Thailand,Thailand,2,3,2,1,2,1,0,0,3,0,,
Thailand,Thailand,2,4,2,2,2,2,0,0,3,0,,
Thailand,Thailand,3,3,2,1,2,3,0,0,1,0,,
Thailand,Thailand,2,3,1,2,2,1,0,1,2,1,,
Thailand,Thailand,3,4,2,1,1,1,0,0,2,0,,
Thailand,Thailand,2,3,2,1,2,1,0,0,2,1,,
Thailand,Thailand,1,2,3,2,2,0,0,1,1,1,,
Thailand,Thailand,2,3,2,1,2,1,0,0,1,1,,
Thailand,Thailand,2,4,3,2,2,0,0,0,2,0,,
Thailand,Thailand,2,3,2,1,2,1,0,1,2,1,,
Thailand,Thailand,2,3,2,2,2,1,0,0,1,0,,
Thailand,Thailand,1,2,2,2,2,1,0,0,1,0,,
Thailand,Thailand,1,3,2,2,2,1,0,0,2,1,,
Thailand,Thailand,2,3,2,1,2,1,0,0,3,1,,
Thailand,Thailand,2,3,2,3,2,0,0,0,2,1,,
Thailand,Thailand,2,4,2,2,2,0,0,0,1,0,,
Thailand,Thailand,2,3,2,2,2,2,0,1,3,1,,
Thailand,Thailand,2,2,2,0,2,1,0,0,3,1,,
Thailand,Thailand,2,3,2,3,2,1,0,0,1,1,,
Thailand,Thailand,1,4,2,1,2,0,0,0,2,1,,
Thailand,Thailand,2,3,2,1,2,3,0,0,2,0,,
Thailand,Thailand,1,3,1,0,2,1,0,1,2,0,,
Thailand,Thailand,2,3,1,3,2,1,1,1,1,0,,
Thailand,Thailand,2,3,1,2,2,2,0,0,1,0,,
Thailand,Thailand,2,3,1,1,2,2,0,0,1,1,,
Thailand,Thailand,3,3,2,1,2,1,1,1,2,0,,
Thailand,Thailand,1,4,2,2,2,1,0,1,1,0,,
Thailand,Thailand,2,3,2,2,2,3,0,0,1,0,,
Thailand,Thailand,2,3,2,1,2,1,0,0,1,1,,
Thailand,Thailand,2,3,1,1,2,1,0,0,2,0,,
Thailand,Thailand,2,3,2,3,2,2,0,0,1,1,,
Thailand,Thailand,1,3,1,2,2,0,1,1,2,0,,
Thailand,Thailand,2,3,2,1,2,0,0,1,1,1,,
Thailand,Thailand,2,4,2,1,3,0,0,0,2,0,,
Thailand,Thailand,2,3,1,1,2,0,1,0,1,1,,
Thailand,Thailand,1,3,2,1,3,0,0,0,0,0,,
Thailand,Thailand,1,2,1,2,2,4,0,0,2,0,,
Thailand,Thailand,1,3,2,1,2,0,0,1,3,1,,
Thailand,Thailand,2,3,2,2,2,1,0,0,1,1,,
Thailand,Thailand,1,3,2,3,3,0,0,0,1,1,,
Thailand,Thailand,2,3,2,1,2,4,0,0,1,,,
Thailand,Thailand,2,3,3,2,2,0,1,0,2,0,,
Thailand,Thailand,1,3,2,1,2,1,0,0,1,1,,
Thailand,Thailand,2,2,2,2,3,1,0,0,2,,,
Thailand,Thailand,1,3,2,2,2,1,0,1,1,1,,
Thailand,Thailand,2,3,2,2,2,1,0,1,1,2,,
Thailand,Thailand,2,3,2,0,2,1,0,0,1,1,,
Thailand,Thailand,2,2,2,2,2,1,0,0,2,1,,
Thailand,Thailand,2,2,2,2,2,2,0,0,3,2,,
Thailand,Thailand,1,2,2,2,2,0,0,0,2,1,,
Thailand,Thailand,3,4,2,1,2,3,0,1,1,2,,
Thailand,Thailand,2,2,2,2,2,2,1,0,2,2,,
Thailand,Thailand,1,3,2,1,2,3,0,0,2,2,,
Thailand,Thailand,3,4,2,2,2,3,0,0,2,,,
Thailand,Thailand,1,3,3,1,2,1,0,1,1,0,,
Thailand,Thailand,2,4,1,2,2,3,0,0,2,2,,
Thailand,Thailand,3,3,2,3,2,2,0,1,1,,,
Thailand,Thailand,2,2,2,1,2,1,0,0,1,2,,
Thailand,Thailand,2,3,1,0,2,3,0,0,1,0,,
Thailand,Thailand,2,2,1,2,2,3,1,1,3,1,,
Thailand,Thailand,2,2,1,2,2,0,0,0,1,2,,
Thailand,Thailand,2,2,2,1,2,1,0,0,1,2,,
Thailand,Thailand,2,3,2,1,1,3,0,0,2,2,,
Thailand,Thailand,1,3,2,2,2,2,0,1,2,0,,
Thailand,Thailand,2,4,2,2,2,,,1,1,2,,
Thailand,Thailand,3,3,2,1,2,2,0,0,1,2,,
Thailand,Thailand,3,2,3,2,3,3,0,1,3,0,,
Thailand,Thailand,2,3,2,2,2,1,0,1,1,2,,
Thailand,Thailand,1,3,2,0,2,0,0,1,1,0,,
Thailand,Thailand,2,3,2,2,2,1,0,0,2,2,,
Thailand,Thailand,2,2,1,3,2,3,0,0,3,2,,
Thailand,Thailand,3,3,1,2,2,3,0,1,1,2,,
Thailand,Thailand,2,3,2,2,2,0,0,1,2,2,,
Thailand,Thailand,2,3,3,3,2,0,0,0,1,2,,
Thailand,Thailand,2,4,2,0,2,1,0,0,3,2,,
Thailand,Thailand,1,1,1,3,2,2,0,0,1,2,,
Thailand,Thailand,1,3,2,1,2,1,0,0,3,2,,
Thailand,Thailand,1,2,3,2,2,0,0,0,1,2,,
Thailand,Thailand,1,2,2,3,2,1,0,0,3,2,,
Thailand,Thailand,1,3,1,1,2,3,1,0,3,0,,
Thailand,Thailand,3,3,2,2,2,3,0,0,1,2,,
Thailand,Thailand,2,2,1,1,2,1,0,1,1,2,,
Thailand,Thailand,1,3,2,1,2,0,0,1,2,1,,
Thailand,Thailand,1,3,2,1,2,1,0,,1,0,,
Thailand,Thailand,2,4,1,1,2,3,0,0,1,2,,
Thailand,Thailand,1,3,2,1,2,1,0,1,2,2,,
Thailand,Thailand,2,2,2,2,2,1,0,0,3,2,,
Thailand,Thailand,2,3,2,1,2,3,0,1,1,0,,
Thailand,Thailand,1,3,2,1,2,1,1,1,1,2,,
Thailand,Thailand,2,2,1,0,2,3,0,0,2,0,,
Thailand,Thailand,2,2,1,0,2,3,1,0,3,1,,
Thailand,Thailand,1,3,2,3,2,1,0,0,1,2,,
Thailand,Thailand,2,3,2,1,2,3,0,0,2,0,,
Thailand,Thailand,2,3,2,1,2,3,0,0,1,2,,
Thailand,Thailand,2,3,2,2,2,1,0,0,1,1,,
Thailand,Thailand,1,2,3,3,2,0,0,1,2,2,,
Thailand,Thailand,2,3,2,2,2,2,0,0,2,2,,
Thailand,Thailand,2,4,2,0,2,3,1,0,2,1,,
Thailand,Thailand,1,2,2,3,2,1,0,0,2,0,,
Thailand,Thailand,3,5,3,0,2,1,0,1,3,2,,
Thailand,Thailand,1,3,2,0,2,1,0,0,1,2,,
Thailand,Thailand,1,3,2,2,2,0,0,1,1,0,,
Thailand,Thailand,2,3,1,1,2,1,0,0,1,2,,
Thailand,Thailand,2,2,2,1,2,2,0,0,3,1,,
Thailand,Thailand,3,4,2,1,2,3,0,1,1,1,,
Thailand,Thailand,2,4,2,1,2,1,0,0,1,0,,
Thailand,Thailand,2,3,2,2,2,1,0,0,1,2,,
Thailand,Thailand,1,2,2,2,2,0,0,0,1,2,,
Thailand,Thailand,2,4,2,2,2,1,0,0,2,2,,
Thailand,Thailand,2,4,1,2,2,2,0,0,2,0,,
Thailand,Thailand,2,3,2,2,2,0,0,1,2,2,,
Thailand,Thailand,2,1,1,1,2,3,0,1,2,1,,
Thailand,Thailand,1,2,2,3,2,1,0,0,2,1,,
Thailand,Thailand,2,4,2,2,2,1,0,1,2,2,,
Thailand,Thailand,2,2,2,1,2,1,0,0,1,1,,
Thailand,Thailand,2,2,2,2,2,3,0,0,1,1,,
Thailand,Thailand,2,4,2,1,2,0,0,1,2,1,,
Thailand,Thailand,2,3,2,2,2,2,0,0,2,1,,
Thailand,Thailand,1,2,1,3,2,1,0,0,1,2,,
Thailand,Thailand,1,2,2,2,2,1,0,0,1,0,,
Thailand,Thailand,1,3,1,1,2,0,0,0,2,0,,
Thailand,Thailand,3,3,2,2,2,3,0,0,3,2,,
Thailand,Thailand,1,2,2,3,2,0,0,0,1,0,,
Thailand,Thailand,2,4,2,3,2,0,0,0,2,0,,
Thailand,Thailand,2,2,1,2,2,2,0,0,2,1,,
Thailand,Thailand,1,3,2,2,2,1,0,0,1,1,,
Thailand,Thailand,2,3,2,0,2,1,0,0,1,0,,
Thailand,Thailand,3,2,2,0,2,3,0,0,2,2,,
Thailand,Thailand,1,2,1,1,2,3,0,0,2,2,,
Thailand,Thailand,1,3,2,3,2,0,0,0,1,2,,
Thailand,Thailand,1,2,2,1,2,0,0,0,1,0,,
Thailand,Thailand,2,3,2,2,2,1,0,0,3,0,,
Thailand,Thailand,1,3,2,2,2,2,0,1,1,0,,
Thailand,Thailand,1,3,2,1,2,3,1,0,2,2,,
Thailand,Thailand,2,3,2,1,2,1,0,0,2,0,,
Thailand,Thailand,3,3,2,3,2,1,0,0,1,1,,
Thailand,Thailand,3,3,2,0,2,1,0,1,1,1,,
Thailand,Thailand,2,3,2,1,2,0,0,1,1,0,,
Thailand,Thailand,1,2,2,1,2,2,0,0,3,1,,
Thailand,Thailand,2,3,1,2,2,3,0,0,1,2,,
Thailand,Thailand,1,3,2,3,2,1,0,1,1,2,,
Thailand,Thailand,1,3,1,1,2,0,0,1,1,0,,
Thailand,Thailand,2,3,2,2,2,,0,0,1,1,,
Thailand,Thailand,1,2,2,1,2,2,0,0,2,0,,
Thailand,Thailand,3,2,3,1,2,0,0,0,3,2,,
Thailand,Thailand,2,3,1,0,2,1,0,1,1,2,,
Thailand,Thailand,2,3,1,0,2,1,0,1,1,2,,
Thailand,Thailand,1,3,1,2,1,2,0,0,3,1,,
Thailand,Thailand,1,3,1,2,1,2,0,0,3,1,,
Thailand,Thailand,,,1,0,,3,0,0,1,2,,
Thailand,Thailand,,,1,0,,3,0,0,1,2,,
Thailand,Thailand,3,2,2,3,2,1,0,0,1,1,,
Thailand,Thailand,3,2,2,3,2,1,0,0,1,1,,
Thailand,Thailand,2,3,1,1,2,1,0,1,1,0,,
Thailand,Thailand,2,3,1,1,2,1,0,1,1,0,,
Thailand,Thailand,3,3,1,2,2,3,0,1,2,0,,
Thailand,Thailand,3,3,1,2,2,3,0,1,2,0,,
Thailand,Thailand,2,3,1,1,2,0,0,0,0,1,,
Thailand,Thailand,2,3,1,1,2,0,0,0,0,1,,
Thailand,Thailand,2,2,2,2,2,0,1,0,1,1,,
Thailand,Thailand,2,2,2,2,2,0,1,0,1,1,,
Thailand,Thailand,2,3,2,1,2,3,0,1,3,0,,
Thailand,Thailand,2,3,2,1,2,3,0,1,3,0,,
Thailand,Thailand,1,1,3,3,2,0,0,1,2,1,,
Thailand,Thailand,1,1,3,3,2,0,0,1,2,1,,
Thailand,Thailand,2,3,2,1,2,1,1,1,1,1,,
Thailand,Thailand,2,3,2,1,2,1,1,1,1,1,,
Thailand,Thailand,1,2,1,1,2,2,0,0,1,1,,
Thailand,Thailand,1,2,1,1,2,2,0,0,1,1,,
Thailand,Thailand,2,3,2,1,2,1,1,1,1,2,,
Thailand,Thailand,2,3,2,1,2,1,1,1,1,2,,
Thailand,Thailand,3,3,2,2,2,2,1,0,2,1,,
Thailand,Thailand,3,3,2,2,2,2,1,0,2,1,,
Thailand,Thailand,1,3,1,3,2,3,0,0,2,0,,
Thailand,Thailand,1,3,1,3,2,3,0,0,2,0,,
Thailand,Thailand,2,1,2,2,2,0,1,0,2,1,,
Thailand,Thailand,2,1,2,2,2,0,1,0,2,1,,
Thailand,Thailand,2,2,1,1,2,3,0,1,1,2,,
Thailand,Thailand,2,2,1,1,2,3,0,1,1,2,,
Thailand,Thailand,1,3,1,2,2,3,0,0,2,2,,
Thailand,Thailand,1,3,1,2,2,3,0,0,2,2,,
Thailand,Thailand,2,3,2,3,2,0,0,0,3,1,,
Thailand,Thailand,2,3,2,3,2,0,0,0,3,1,,
Thailand,Thailand,2,3,2,2,2,3,0,1,1,0,,
Thailand,Thailand,2,3,2,2,2,3,0,1,1,0,,
Thailand,Thailand,2,4,2,1,2,1,0,1,1,2,,
Thailand,Thailand,2,4,2,1,2,1,0,1,1,2,,
Thailand,Thailand,1,3,2,2,2,3,0,0,1,2,,
Thailand,Thailand,1,3,2,2,2,3,0,0,1,2,,
Thailand,Thailand,1,2,2,3,2,1,0,0,0,2,,
Thailand,Thailand,1,2,2,3,2,1,0,0,0,2,,
Thailand,Thailand,2,3,1,0,1,3,0,1,3,2,,
Thailand,Thailand,2,4,2,1,2,3,0,0,2,2,,
Thailand,Thailand,2,3,2,1,2,1,0,0,1,2,,
Thailand,Thailand,1,2,1,1,2,0,0,0,1,2,,
Thailand,Thailand,3,3,2,2,2,2,1,1,2,2,,
Thailand,Thailand,1,2,2,1,2,0,0,0,2,2,,
Thailand,Thailand,1,3,2,2,2,,,0,2,2,,
Thailand,Thailand,1,2,3,1,2,0,0,1,1,2,,
Thailand,Thailand,1,2,3,1,2,0,0,1,1,2,,
Thailand,Thailand,2,2,2,3,2,1,0,0,3,2,,
Thailand,Thailand,2,2,2,3,2,1,0,0,3,2,,
Thailand,Thailand,2,2,2,3,3,0,0,0,1,0,,
Thailand,Thailand,2,2,2,3,3,0,0,0,1,0,,
Thailand,Thailand,2,2,1,2,2,3,1,0,1,2,,
Thailand,Thailand,2,2,1,2,2,3,1,0,1,2,,
Thailand,Thailand,2,2,2,3,2,3,1,0,2,2,,
Thailand,Thailand,2,2,2,3,2,3,1,0,2,2,,
Thailand,Thailand,2,2,2,1,2,1,0,0,1,2,,
Thailand,Thailand,2,2,2,1,2,1,0,0,1,2,,
Thailand,Thailand,2,3,1,3,2,,0,0,1,2,,
Thailand,Thailand,2,3,1,3,2,,0,0,1,2,,
Thailand,Thailand,2,2,1,1,2,1,0,0,1,2,,
Thailand,Thailand,2,2,1,1,2,1,0,0,1,2,,
Thailand,Thailand,2,3,2,1,2,,,1,2,0,,
Thailand,Thailand,2,3,2,1,2,,,1,2,0,,
Thailand,Thailand,1,2,1,2,2,0,0,1,2,,,
Thailand,Thailand,1,2,1,2,2,0,0,1,2,,,
Thailand,Thailand,1,4,2,1,2,0,0,0,1,1,,
Thailand,Thailand,1,4,2,1,2,0,0,0,1,1,,
Thailand,Thailand,3,4,1,1,2,3,0,0,2,2,,
Thailand,Thailand,3,4,1,1,2,3,0,0,2,2,,
Thailand,Thailand,1,2,2,1,2,0,0,0,1,2,,
Thailand,Thailand,1,2,2,1,2,0,0,0,1,2,,
Thailand,Thailand,1,2,1,2,2,1,0,0,2,2,,
Thailand,Thailand,1,2,1,2,2,1,0,0,2,2,,
Thailand,Thailand,3,5,2,0,2,3,0,0,1,2,,
Thailand,Thailand,3,5,2,0,2,3,0,0,1,2,,
Thailand,Thailand,2,3,2,1,2,1,0,0,1,2,,
Thailand,Thailand,2,3,2,1,2,1,0,0,1,2,,
Thailand,Thailand,2,2,2,2,1,1,0,1,2,2,,
Thailand,Thailand,2,2,2,2,1,1,0,1,2,2,,
Thailand,Thailand,2,2,2,1,2,1,0,1,2,2,,
Thailand,Thailand,2,2,2,1,2,1,0,1,2,2,,
Thailand,Thailand,3,4,2,1,2,2,0,1,1,2,,
Thailand,Thailand,3,4,2,1,2,2,0,1,1,2,,
Thailand,Thailand,2,3,2,0,2,1,0,0,0,1,,
Thailand,Thailand,2,3,2,0,2,1,0,0,0,1,,
Thailand,Thailand,2,3,1,1,2,3,0,0,1,0,,
Thailand,Thailand,2,3,1,1,2,3,0,0,1,0,,
Thailand,Thailand,2,3,1,1,2,1,0,0,1,2,,
Thailand,Thailand,2,3,1,1,2,1,0,0,1,2,,
Thailand,Thailand,1,1,2,1,2,0,0,,1,2,,
Thailand,Thailand,1,1,2,1,2,0,0,,1,2,,
Thailand,Thailand,2,4,1,2,2,0,0,0,2,2,,
Thailand,Thailand,2,2,1,1,2,3,0,0,2,2,,
Thailand,Thailand,1,2,2,3,2,0,0,0,2,2,,
Thailand,Thailand,1,2,2,2,2,1,0,0,2,1,,
Thailand,Thailand,1,3,3,2,3,0,0,0,2,2,,
Thailand,Thailand,1,3,1,2,2,1,0,0,2,1,,
Thailand,Thailand,2,3,3,2,2,0,0,0,2,0,,
Thailand,Thailand,2,2,2,2,2,0,0,0,1,2,,
Thailand,Thailand,1,3,2,1,2,0,0,0,2,1,,
Thailand,Thailand,2,3,2,1,2,3,0,1,1,0,,
Thailand,Thailand,2,2,1,1,2,1,0,1,1,2,,
Thailand,Thailand,1,3,2,0,2,0,0,0,2,0,,
Thailand,Thailand,3,3,1,1,1,1,1,1,1,1,,
